Year,Variable,Unit,Commodity,Population,Production,Imports,Beginning stocks,Supply,Exports,Shipments to U.S. territories,Nonfood use,Indirect use,Ending stocks,Amount,Pcc Amount Product Weight,Pcc Amount Fat-Content, 
1970,Added fats and oils,Million pounds,Butter,205.052,1137.02,2,89,1228.02,2,7,,,118.772,1100.248,5.365702358,4.292561887,
1971,Added fats and oils,Million pounds,Butter,207.661,1143.695,2,118.772,1264.467,93,6,,,96.847,1068.62,5.145983117,4.116786493,
1972,Added fats and oils,Million pounds,Butter,209.896,1101.91,2,96.847,1200.757,44,10,,,107.47,1039.287,4.951437855,3.961150284,
1973,Added fats and oils,Million pounds,Butter,211.909,918.618,56,107.47,1082.088,4,13,,,46.379,1018.709,4.807294641,3.845835712,
1974,Added fats and oils,Million pounds,Butter,213.854,961.724,2,46.379,1010.103,1,6,,,49.227,953.876,4.460407568,3.568326054,
1975,Added fats and oils,Million pounds,Butter,215.973,983.791,2,49.227,1035.018,1,2,,,10.856,1021.162,4.728192876,3.782554301,
1976,Added fats and oils,Million pounds,Butter,218.035,978.631,2,10.856,991.487,1,3,,,47.058,940.429,4.313202009,3.450561607,
1977,Added fats and oils,Million pounds,Butter,220.239,1085.595,2,47.058,1134.653,2,2,,,184.907,945.746,4.294180413,3.43534433,
1978,Added fats and oils,Million pounds,Butter,222.585,994.29,2,184.907,1181.197,1,4,,,206.93,969.267,4.354592628,3.483674102,
1979,Added fats and oils,Million pounds,Butter,225.055,984.604,2,206.93,1193.534,1,4,,,177.76,1010.774,4.491231032,3.592984826,
1980,Added fats and oils,Million pounds,Butter,227.726,1145.254,2,177.76,1325.014,1,2,,,304.646,1017.368,4.4675092,3.57400736,
1981,Added fats and oils,Million pounds,Butter,229.966,1228.19,3,304.646,1535.836,130,2,,,429.184,974.652,4.238243914,3.390595131,
1982,Added fats and oils,Million pounds,Butter,232.188,1256.964,3,429.184,1689.148,210,2,,,466.822,1010.326,4.351327373,3.481061898,
1983,Added fats and oils,Million pounds,Butter,234.307,1299.247,3,466.822,1769.069,119,1,,,499.372,1149.697,4.906797492,3.925437994,
1984,Added fats and oils,Million pounds,Butter,236.348,1103.316,3,499.372,1605.688,131,2,,,296.55,1176.138,4.976297663,3.98103813,
1985,Added fats and oils,Million pounds,Butter,238.466,1247.792,4,296.55,1548.342,180,1,,,205.514,1161.828,4.87209078,3.897672624,
1986,Added fats and oils,Million pounds,Butter,240.651,1202.392,5,205.514,1412.906,55,2,,,192.963,1162.943,4.83248771,3.865990168,
1987,Added fats and oils,Million pounds,Butter,242.804,1104.135,5,192.963,1302.098,81,1,,,143.212,1076.886,4.435206998,3.548165599,
1988,Added fats and oils,Million pounds,Butter,245.021,1207.54,5,143.212,1355.752,41,1,,,214.687,1099.065,4.485595112,3.58847609,
1989,Added fats and oils,Million pounds,Butter,247.342,1295.409,5,214.687,1515.096,159,4,,,256.221,1095.875,4.430606205,3.544484964,
1990,Added fats and oils,Million pounds,Butter,250.132,1302.177,5,256.221,1563.398,68,2,,,416.056,1077.342,4.307093854,3.445675084,
1991,Added fats and oils,Million pounds,Butter,253.493,1335.782,5,416.056,1756.838,107,1,,,539.402,1109.436,4.376594225,3.50127538,
1992,Added fats and oils,Million pounds,Butter,256.894,1365.164,4,539.402,1908.566,307,1,,,447.716,1110.85,4.324157045,3.459325636,
1993,Added fats and oils,Million pounds,Butter,260.255,1315.198,4,447.716,1766.914,320,1,,,234.658,1211.256,4.654112313,3.72328985,
1994,Added fats and oils,Million pounds,Butter,263.436,1295.942,3,234.658,1533.6,207,1,,,79.45,1246.15,4.730370944,3.784296755,
1995,Added fats and oils,Million pounds,Butter,266.557,1264.474,1.035451898,79.45,1344.959452,94.42188655,3,,,18.628,1228.909565,4.610306859,3.688245487,
1996,Added fats and oils,Million pounds,Butter,269.667,1174.475,4.587641889,18.628,1197.690642,25.17536191,1,,,13.707,1157.80828,4.293474099,3.43477928,
1997,Added fats and oils,Million pounds,Butter,272.912,1151.25,12.39316033,13.707,1177.35016,11.8419887,2,,,20.788,1142.720172,4.187137875,3.3497103,
1998,Added fats and oils,Million pounds,Butter,276.115,1167.983,40.99714506,20.788,1229.768145,3.134916945,3,,,25.91,1197.723228,4.337769509,3.470215608,
1999,Added fats and oils,Million pounds,Butter,279.295,1277.09,15.60724272,25.91,1318.607243,1.5861381,3,,,25.082,1288.939105,4.61497379,3.691979032,
2000,Added fats and oils,Million pounds,Butter,282.385,1256.032,16.00751407,25.082,1297.121514,8.826999966,3,,,24.115,1261.179514,4.466170349,3.572936279,
2001,Added fats and oils,Million pounds,Butter,285.309019,1231.838,45.46700717,24.115,1301.420007,3.400925979,3,,,55.915,1239.104081,4.343024576,3.474419661,
2002,Added fats and oils,Million pounds,Butter,288.104818,1355.147,17.5442796,55.915,1428.60628,2.824156527,1,,,157.82,1266.962123,4.397573535,3.518058828,
2003,Added fats and oils,Million pounds,Butter,290.819634,1242.36,16.32321168,157.82,1416.503212,15.79111752,6,,,99.613,1295.099094,4.453272554,3.562618043,
2004,Added fats and oils,Million pounds,Butter,293.463185,1246.678,37.14941874,99.613,1383.440419,18.577402,1,,,44.988,1318.875017,4.494175366,3.595340292,
2005,Added fats and oils,Million pounds,Butter,296.186216,1347.361,21.73974331,44.988,1414.088743,17.050401,1.606,,,58.649,1336.783342,4.513320574,3.610656459,
2006,Added fats and oils,Million pounds,Butter,298.995825,1448.428,19.44513201,58.649,1526.522132,22.383063,0.727087,,,108.605,1394.806982,4.664971432,3.731977146,
2007,Added fats and oils,Million pounds,Butter,302.003917,1532.717,16.95449445,108.605,1658.276494,87.581709,1.035732,,,155.162,1414.497053,4.683704329,3.746963463,
2008,Added fats and oils,Million pounds,Butter,304.797761,1644.076,12.65171851,155.162,1811.889719,175.331,1.70717,,,118.962,1515.889549,4.973427441,3.978741953,
2009,Added fats and oils,Million pounds,Butter,307.439406,1572.488,15.58590638,118.962,1707.035906,49.442,2.410764,,,133.022,1522.161142,4.951093167,3.960874534,
2010,Added fats and oils,Million pounds,Butter,309.76667,1563.972,8.056386898,133.022,1705.050387,99.22408412,2.64823724,,,81.695,1521.483066,4.91170682,3.929365456,
2011,Added fats and oils,Million pounds,Butter,312.138672,1809.751,10.23841251,81.695,1901.684413,115.1306887,3.447011836,,,106.856,1676.250712,5.370211583,4.296169267,
2012,Added fats and oils,Million pounds,Butter,314.334945,1859.537,15.24100773,106.856,1981.634008,95.49938832,3.304557916,,,153.027,1729.803061,5.503056816,4.402445453,
2013,Added fats and oils,Million pounds,Butter,316.505959,1862.516,11.74696769,153.027,2027.289968,178.3212705,4.735325174,,,112.467,1731.766372,5.471512693,4.377210154,
2014,Added fats and oils,Million pounds,Butter,318.839403,1855.315,24.12625587,112.467,1991.908256,129.9508229,4.47883713,,,104.728,1752.750596,5.497283521,4.397826817,
2015,Added fats and oils,Million pounds,Butter,321.132158,1849.519,41.339399,104.728,1995.586399,37.34092178,2.891878946,,,155.082,1800.271598,5.6060147,4.48481176,
2016,Added fats and oils,Million pounds,Butter,323.34877,1839.133,53.056,155.082,2047.271,34.582,3.099356017,,,166.043,1843.546644,5.701418453,4.561134762,
1970,Added fats and oils,Million pounds,Lard,205.052,1913,,70.1,1983.1,419,,21,543,82.454,917.646,4.475186782,4.475186782,
1971,Added fats and oils,Million pounds,Lard,207.661,1960,,82.454,2042.454,345,,39,717,99.904,841.55,4.052518287,4.052518287,
1972,Added fats and oils,Million pounds,Lard,209.896,1550,,99.9,1649.9,189,,62,623,51.244,724.656,3.452452643,3.452452643,
1973,Added fats and oils,Million pounds,Lard,211.909,1254,,51.2,1305.2,122,,22,435,43.745,682.455,3.220509747,3.220509747,
1974,Added fats and oils,Million pounds,Lard,213.854,1366,,43.7,1409.7,182,,35,511,35.744,645.956,3.020546728,3.020546728,
1975,Added fats and oils,Million pounds,Lard,215.973,1012,,35.7,1047.7,87.725,,33.3,243.418,28.349,654.908,3.032360527,3.032360527,
1976,Added fats and oils,Million pounds,Lard,218.035,1060,,28.3,1088.3,180.559,,42.2,235.189,33.851,596.501,2.735803885,2.735803885,
1977,Added fats and oils,Million pounds,Lard,220.239,1038,,33.9,1071.9,182.03,,45.2,303.495,28.523,512.652,2.327707627,2.327707627,
1978,Added fats and oils,Million pounds,Lard,222.585,1006,5,28.5,1039.5,119.569,,49.8,346.725,38.115,485.291,2.180250241,2.180250241,
1979,Added fats and oils,Million pounds,Lard,225.055,1129,4,38.1,1171.1,95.915,,59.9,452.026,49.907,513.352,2.281006865,2.281006865,
1980,Added fats and oils,Million pounds,Lard,227.726,1207,,49.9,1256.9,92.402,,54.6,527,49.4,533.498,2.342718881,2.342718881,
1981,Added fats and oils,Million pounds,Lard,229.966,1159,,49.4,1208.4,149.693,,62.7,448.3,37,510.707,2.220793509,2.220793509,
1982,Added fats and oils,Million pounds,Lard,232.188,1011,,37,1048,102.973,,49.4,322,37.5,536.127,2.309021138,2.309021138,
1983,Added fats and oils,Million pounds,Lard,234.307,973,,37.5,1010.5,88.616,,86.4,400.3,34.2,400.984,1.71136159,1.71136159,
1984,Added fats and oils,Million pounds,Lard,236.348,939,2,34.2,975.2,88.973,,50.6,354.9,38.7,442.027,1.870237954,1.870237954,
1985,Added fats and oils,Million pounds,Lard,238.466,927,2,38.7,967.7,104.528,,50,400.6,35.4,377.172,1.58165944,1.58165944,
1986,Added fats and oils,Million pounds,Lard,240.651,875,2,35.4,912.4,104.468,,49.2,367.8,21.9,369.032,1.533473786,1.533473786,
1987,Added fats and oils,Million pounds,Lard,242.804,863,1,21.9,885.9,107.206,,62.7,304.2,33,378.794,1.560081383,1.560081383,
1988,Added fats and oils,Million pounds,Lard,245.021,932,1,33,966,127.034,,69.4,367.6,37.4,364.566,1.487896956,1.487896956,
1989,Added fats and oils,Million pounds,Lard,247.342,850,1,37.4,888.4,110.3936622,,64.3,388,32,293.7063378,1.187450323,1.187450323,
1990,Added fats and oils,Million pounds,Lard,250.132,743.052695,2.923,31.959,777.934695,97.25517,,65.9,364.302,25.26,225.217525,0.900394692,0.900394692,
1991,Added fats and oils,Million pounds,Lard,253.493,776.995135,2.753,25.26,805.008135,120.60314,,79.2,393.053,37.421,174.730995,0.689293176,0.689293176,
1992,Added fats and oils,Million pounds,Lard,256.894,838.30971,2.458,37.421,878.18871,136.270225,,134.8,479.713,22.72,104.685485,0.407504593,0.407504593,
1993,Added fats and oils,Million pounds,Lard,260.255,801.260453,3.1,22.72,827.080453,114.426307,,149.7,430.301,37.714,94.939146,0.364792784,0.364792784,
1994,Added fats and oils,Million pounds,Lard,263.436,743.751767,2.7,37.714,784.165767,136.9983142,,127.2,298.294,40.612,181.0614528,0.687307175,0.687307175,
1995,Added fats and oils,Million pounds,Lard,266.557,714.646246,1.46,40.612,756.718246,124.0328142,,124.472,366.127,38.372,103.7144318,0.389089132,0.389089132,
1996,Added fats and oils,Million pounds,Lard,269.667,679.507932,1.49319489,38.372,719.3731269,100.7285575,,138.16,311.592,18.948,149.9445694,0.556036035,0.556036035,
1997,Added fats and oils,Million pounds,Lard,272.912,682.483042,1.223598279,18.948,702.6546403,90.41968768,,96.902,285.402,22.153,207.7779526,0.761336814,0.761336814,
1998,Added fats and oils,Million pounds,Lard,276.115,743.881442,2.246093144,22.153,768.2805351,131.4451369,,113.107,301.309,28.353,194.0663982,0.702846271,0.702846271,
1999,Added fats and oils,Million pounds,Lard,279.295,735.175168,1.824009444,28.353,765.3521774,147.4326721,,128.1,277.633,26.679,185.5075054,0.664199164,0.664199164,
2000,Added fats and oils,Million pounds,Lard,282.385,718.48378,2.483526525,26.679,747.6463065,173.9397551,,94.874,241.607,16.2,221.0255514,0.782709958,0.782709958,
2001,Added fats and oils,Million pounds,Lard,285.309019,724.190292,3.240318142,16.2,743.6306101,103.3285674,,69.318,231.888,13.622,325.4740427,1.140777266,1.140777266,
2002,Added fats and oils,Million pounds,Lard,288.104818,743.720544,8.355848073,13.622,765.6983921,84.22202125,,64.927,235.705,10.527,370.3173708,1.285356397,1.285356397,
2003,Added fats and oils,Million pounds,Lard,290.819634,752.52086,7.187294796,10.527,770.2351548,117.3195395,,63.885,207.213,13.3,368.5176153,1.267168967,1.267168967,
2004,Added fats and oils,Million pounds,Lard,293.463185,772.472904,4.999542564,13.3,790.7724466,289.2090314,,66.345,201.262,13.767,220.1894151,0.750313587,0.750313587,
2005,Added fats and oils,Million pounds,Lard,296.186216,779.188004,4.997276212,13.767,797.9522802,93.8286087,,59.593,175.418,9.37,459.7426715,1.552208194,1.552208194,
2006,Added fats and oils,Million pounds,Lard,298.995825,787.993528,7.284084316,9.37,804.6476123,71.94035428,,43.89,175.994,14.2,498.623258,1.6676596,1.6676596,
2007,Added fats and oils,Million pounds,Lard,302.003917,820.787268,8.633134405,14.2,843.6204024,72.86961568,,93.235,176.899,13.904,486.7127867,1.611610841,1.611610841,
2008,Added fats and oils,Million pounds,Lard,304.797761,873.563404,6.930319647,13.904,894.3977236,81.12077507,,301.744,181.958,12.141,317.4339486,1.041457613,1.041457613,
2009,Added fats and oils,Million pounds,Lard,307.439406,860.248816,16.55320808,12.141,888.9430241,83.4697932,,166.5,173.8,17.5,447.6732309,1.456134842,1.456134842,
2010,Added fats and oils,Million pounds,Lard,309.76667,840.129892,15.3755475,17.5,873.0054395,71.58073634,,158.17223,137.88421,25.605,479.7632632,1.548789168,1.548789168,
1970,Added fats and oils,Million pounds,Margarine,205.052,2230,,52,2282,13,,,,46,2223,10.84115249,8.672921991,
1971,Added fats and oils,Million pounds,Margarine,207.661,2290,,46,2336,13,,,,57,2266,10.91201526,8.729612205,
1972,Added fats and oils,Million pounds,Margarine,209.896,2364,,57,2421,13,,,,69,2339,11.14361398,8.914891184,
1973,Added fats and oils,Million pounds,Margarine,211.909,2359,,69,2428,13,,,,61,2354,11.10854187,8.886833499,
1974,Added fats and oils,Million pounds,Margarine,213.854,2398,,61,2459,15,,,,64,2380,11.12908807,8.903270456,
1975,Added fats and oils,Million pounds,Margarine,215.973,2399.3,,64.311,2463.611,5,12,,,60.1,2386.511,11.05004329,8.840034634,
1976,Added fats and oils,Million pounds,Margarine,218.035,2629.7,,60.1,2689.8,6,14,,,67.2,2602.6,11.93661568,9.549292545,
1977,Added fats and oils,Million pounds,Margarine,220.239,2535,,67.2,2602.2,7,13,,,79.9,2502.3,11.36174792,9.089398335,
1978,Added fats and oils,Million pounds,Margarine,222.585,2519.5,,79.9,2599.4,7.561,15,,,69.5,2507.339,11.26463598,9.011708785,
1979,Added fats and oils,Million pounds,Margarine,225.055,2553.2,,69.5,2622.7,7.424,18,,,80.5,2516.776,11.1829375,8.946350003,
1980,Added fats and oils,Million pounds,Margarine,227.726,2592.8,,80.5,2673.3,8.04,16,,,74.2,2575.06,11.3077119,9.04616952,
1981,Added fats and oils,Million pounds,Margarine,229.966,2576.4,,74.2,2650.6,16.556,16,,,61,2557.044,11.11922632,8.895381056,
1982,Added fats and oils,Million pounds,Margarine,232.188,2596,,61,2657,13.243,18,,,62.1,2563.657,11.04129843,8.833038744,
1983,Added fats and oils,Million pounds,Margarine,234.307,2451.2,0.025,62.1,2513.325,11.304,15,,,55.5,2431.521,10.37750046,8.302000367,
1984,Added fats and oils,Million pounds,Margarine,236.348,2480.9,0.128,55.5,2536.528,9.26,16,,,55.1,2456.168,10.39216748,8.313733985,
1985,Added fats and oils,Million pounds,Margarine,238.466,2603.3,0.346,55.1,2658.746,9.124,15,,,61.2,2573.422,10.79156777,8.633254217,
1986,Added fats and oils,Million pounds,Margarine,240.651,2789.1,0.416,61.2,2850.716,8.302,15,,,80.7,2746.714,11.41368205,9.130945643,
1987,Added fats and oils,Million pounds,Margarine,242.804,2554.1,1.16,80.7,2635.96,7.815,14,,,62.9,2551.245,10.50742574,8.405940594,
1988,Added fats and oils,Million pounds,Margarine,245.021,2549.2,1.625,62.9,2613.725,8.249,15,,,62.3,2528.176,10.3182013,8.254561038,
1989,Added fats and oils,Million pounds,Margarine,247.342,2530.9,0.875230525,62.3,2594.075231,7.120457271,13,,,61.4,2512.554773,10.1582213,8.126577042,
1990,Added fats and oils,Million pounds,Margarine,250.132,2768.091,0.716255232,61.4,2830.207255,6.927848265,15,,,91.949,2716.330407,10.85958777,8.687670212,
1991,Added fats and oils,Million pounds,Margarine,253.493,2698,0.965421611,91.949,2790.914422,9.303222648,19,,,91.1,2671.511199,10.53879673,8.431037382,
1992,Added fats and oils,Million pounds,Margarine,256.894,2817.5,0.810710057,91.1,2909.41071,13.06931227,18,,,74.9,2803.441398,10.9128333,8.73026664,
1993,Added fats and oils,Million pounds,Margarine,260.255,2892.3,1.525847546,74.9,2968.725848,15.38482896,18,,,66.4,2868.941019,11.02357695,8.818861558,
1994,Added fats and oils,Million pounds,Margarine,263.436,2622.84,3.594753016,66.4,2692.834753,20.612181,17,,,61.964,2593.258572,9.843979456,7.875183565,
1995,Added fats and oils,Million pounds,Margarine,266.557,2489.661,4.966257181,61.964,2556.591257,35.80672321,42,,,57.83,2420.954534,9.082314604,7.265851683,
1996,Added fats and oils,Million pounds,Margarine,269.667,2480.249,5.85764538,57.83,2543.936645,28.786861,39,,,43.936,2432.213784,9.019323033,7.215458427,
1997,Added fats and oils,Million pounds,Margarine,272.912,2366.841,6.626361797,43.936,2417.403362,29.03314814,42,,,44.3,2302.070214,8.435210667,6.748168534,
1998,Added fats and oils,Million pounds,Margarine,276.115,2310.95,8.200417813,44.3,2363.450418,31.67550183,40,,,34.519,2257.255916,8.17505719,6.540045752,
1999,Added fats and oils,Million pounds,Margarine,279.295,2274.2,10.41602765,34.519,2319.135028,35.50985758,37,,,42.161,2204.46417,7.892959667,6.314367733,
2000,Added fats and oils,Million pounds,Margarine,282.385,2397.6,13.09492116,42.161,2452.855921,31.07064835,34,,,68.626,2319.159273,8.212756601,6.570205281,
2001,Added fats and oils,Million pounds,Margarine,285.309019,1994.232,14.76329972,68.626,2077.6213,31.45512561,23,,,34.164,1989.002174,6.971396071,5.577116857,
2002,Added fats and oils,Million pounds,Margarine,288.104818,1900,16.77579553,34.164,1950.939796,27.5293949,17,,,29.735,1876.675401,6.5138633,5.21109064,
2003,Added fats and oils,Million pounds,Margarine,290.819634,1550.091,16.54412062,29.735,1596.370121,29.10334289,16,,,23.504,1527.762778,5.253299981,4.202639985,
2004,Added fats and oils,Million pounds,Margarine,293.463185,1566.979,12.8979911,23.504,1603.380991,33.15243984,18,,,16.55,1535.678551,5.232951286,4.186361029,
2005,Added fats and oils,Million pounds,Margarine,296.186216,1239.14,12.58743922,16.55,1268.277439,43.41406899,20.61354419,,,17.725,1186.524826,4.006009605,3.204807684,
2006,Added fats and oils,Million pounds,Margarine,298.995825,1453.753,11.1776055,17.725,1482.655606,41.67918139,22.56200454,,,51.548,1366.86642,4.57152343,3.657218744,
2007,Added fats and oils,Million pounds,Margarine,302.003917,1420.198,11.73202605,51.548,1483.478026,40.85305441,22.37332197,,,55.231,1365.02065,4.519877302,3.615901842,
2008,Added fats and oils,Million pounds,Margarine,304.797761,1323.476,12.09630235,55.231,1390.803302,42.9113777,25.55086571,,,45.881,1276.460059,4.187891849,3.350313479,
2009,Added fats and oils,Million pounds,Margarine,307.439406,1195.41327,13.05434509,45.881,1254.348615,49.86425504,28.56557606,,,52.202,1123.716784,3.655083773,2.924067018,
2010,Added fats and oils,Million pounds,Margarine,309.76667,1169.11186,12.00246041,52.202,1233.31632,50.02085154,28.14912076,,,59.264,1095.882348,3.537767146,2.830213717,
1970,Added fats and oils,Million pounds,Salad and cooking oils,205.052,3389,62.409,70.5,3521.909,293,,,,75.6,3153.309,15.37809434,15.37809434,
1971,Added fats and oils,Million pounds,Salad and cooking oils,207.661,3500,61.682,75.6,3637.282,320,,,,76.1,3241.182,15.60804388,15.60804388,
1972,Added fats and oils,Million pounds,Salad and cooking oils,209.896,3871,67.107,76.1,4014.207,398,,,,85.5,3530.707,16.82122099,16.82122099,
1973,Added fats and oils,Million pounds,Salad and cooking oils,211.909,3893,59.923,85.5,4038.423,218,,,,74.1,3746.323,17.6789235,17.6789235,
1974,Added fats and oils,Million pounds,Salad and cooking oils,213.854,4111,53.355,74.1,4238.455,280,,,,96.5,3861.955,18.05883921,18.05883921,
1975,Added fats and oils,Million pounds,Salad and cooking oils,215.973,3967.2,47.608,97,4111.808,161,,,,91,3859.808,17.87171545,17.87171545,
1976,Added fats and oils,Million pounds,Salad and cooking oils,218.035,4343,62.284,91,4496.284,148.521,,,,104,4243.763,19.46367785,19.46367785,
1977,Added fats and oils,Million pounds,Salad and cooking oils,220.239,4352.9,54.062,104,4510.962,193.02,,,,105,4212.942,19.12895536,19.12895536,
1978,Added fats and oils,Million pounds,Salad and cooking oils,222.585,4842.3,61.814,105,5009.114,423.308,,,,123,4462.806,20.04989555,20.04989555,
1979,Added fats and oils,Million pounds,Salad and cooking oils,225.055,5075.6,60.066,123,5258.666,444.92,,,,141,4672.746,20.76268468,20.76268468,
1980,Added fats and oils,Million pounds,Salad and cooking oils,227.726,5167.2,56.268,141,5364.468,406.456,,,,122,4836.012,21.23609952,21.23609952,
1981,Added fats and oils,Million pounds,Salad and cooking oils,229.966,5347.9,61.066,122,5530.966,434.665,,,,110,4986.301,21.68277484,21.68277484,
1982,Added fats and oils,Million pounds,Salad and cooking oils,232.188,5349.6,64.364,110,5523.964,421,,,,123,4979.964,21.44798181,21.44798181,
1983,Added fats and oils,Million pounds,Salad and cooking oils,234.307,5775.5,72.945,123,5971.445,332.003,,,,113,5526.442,23.58632905,23.58632905,
1984,Added fats and oils,Million pounds,Salad and cooking oils,236.348,5614,92.713,113,5819.713,403,,,,92,5324.713,22.52912231,22.52912231,
1985,Added fats and oils,Million pounds,Salad and cooking oils,238.466,5942,189.866,92,6223.866,410,,,,112,5701.866,23.91060361,23.91060361,
1986,Added fats and oils,Million pounds,Salad and cooking oils,240.651,6036.3,300.105,112,6448.405,284,,,,147,6017.405,25.0046956,25.0046956,
1987,Added fats and oils,Million pounds,Salad and cooking oils,242.804,6333.6,413.332,147,6893.932,330,,,,135,6428.932,26.47786692,26.47786692,
1988,Added fats and oils,Million pounds,Salad and cooking oils,245.021,6409.1,608.799,135,7152.899,276,,,,123,6753.899,27.56457202,27.56457202,
1989,Added fats and oils,Million pounds,Salad and cooking oils,247.342,6123.1,548,123,6794.1,337,,,,126,6331.1,25.59654244,25.59654244,
1990,Added fats and oils,Million pounds,Salad and cooking oils,250.132,6035.601,451.6918201,126,6613.29282,204.1572103,,,,121,6288.13561,25.13926891,25.13926891,
1991,Added fats and oils,Million pounds,Salad and cooking oils,253.493,6309.7,501.1321153,121,6931.832115,131.8179363,,,,136,6664.014179,26.2887503,26.2887503,
1992,Added fats and oils,Million pounds,Salad and cooking oils,256.894,6491.3,663.6103361,136,7290.910336,244.9800526,,,,100,6945.930283,27.03811799,27.03811799,
1993,Added fats and oils,Million pounds,Salad and cooking oils,260.255,6469.5,721.424425,100,7290.924425,258.8569091,,,,125,6907.067516,26.53961505,26.53961505,
1994,Added fats and oils,Million pounds,Salad and cooking oils,263.436,6546.795,758.3971529,125,7430.192153,487.464704,,,,97.884,6844.843449,25.98294633,25.98294633,
1995,Added fats and oils,Million pounds,Salad and cooking oils,266.557,6724.852,848.2143107,97.884,7670.950311,515.23871,,,,98.69,7057.021601,26.47471873,26.47471873,
1996,Added fats and oils,Million pounds,Salad and cooking oils,269.667,6641.016,854.6983708,98.69,7594.404371,541.209985,,,,129.657,6923.537386,25.67439615,25.67439615,
1997,Added fats and oils,Million pounds,Salad and cooking oils,272.912,7432.508,902.1102834,129.657,8464.275283,705.7462358,,,,106.852,7651.677048,28.03715867,28.03715867,
1998,Added fats and oils,Million pounds,Salad and cooking oils,276.115,7464.429,918.0282288,106.852,8489.309229,833.7055787,,,,123.907,7531.69665,27.2773904,27.2773904,
1999,Added fats and oils,Million pounds,Salad and cooking oils,279.295,7700.7,994.3646674,123.907,8818.971667,649.2475588,,,,139.835,8029.889109,28.7505652,28.7505652,
2000,Added fats and oils,Million pounds,Salad and cooking oils,282.385,9155.3,1133.701147,139.835,10428.83615,733.5742996,,,,173.7,9521.561847,33.71836977,33.71836977,
2001,Added fats and oils,Million pounds,Salad and cooking oils,285.309019,9565,1181.552555,173.7,10920.25256,589.2571156,,,,186.855,10144.14044,35.55492383,35.55492383,
2002,Added fats and oils,Million pounds,Salad and cooking oils,288.104818,10756,1208.43916,186.855,12151.29416,552.3883841,,,,168.8,11430.10578,39.67342808,39.67342808,
2003,Added fats and oils,Million pounds,Salad and cooking oils,290.819634,10930.375,1123.993206,168.8,12223.16821,387.1322603,,,,153.281,11682.75495,40.17182329,40.17182329,
2004,Added fats and oils,Million pounds,Salad and cooking oils,293.463185,10783.8,1362.885409,153.281,12299.96641,439.1329065,,,,136.7,11724.1335,39.95095161,39.95095161,
2005,Added fats and oils,Million pounds,Salad and cooking oils,296.186216,11797.739,1313.931958,136.7,13248.37096,450.5189149,,,,140.478,12657.37404,42.73451417,42.73451417,
2006,Added fats and oils,Million pounds,Salad and cooking oils,298.995825,12512.981,1358.317128,140.478,14011.77613,493.9232571,,,,195.425,13322.42787,44.55723711,44.55723711,
2007,Added fats and oils,Million pounds,Salad and cooking oils,302.003917,14026.11,1506.485266,195.425,15728.02027,361.2531617,,,,208.215,15158.5521,50.19323012,50.19323012,
2008,Added fats and oils,Million pounds,Salad and cooking oils,304.797761,15132.18,1856.031249,208.215,17196.42625,526.3219087,,,,200.939,16469.16534,54.0330916,54.0330916,
2009,Added fats and oils,Million pounds,Salad and cooking oils,307.439406,14164.5,1882.293,200.939,16247.732,356.9411594,,,,200.517,15690.27384,51.03533748,51.03533748,
2010,Added fats and oils,Million pounds,Salad and cooking oils,309.76667,14885.79281,2089.428,200.517,17175.73781,368.4003394,,,,214.361,16592.97647,53.56604851,53.56604851,
1970,Added fats and oils,Million pounds,Shortening,205.052,3588,,138.7,3726.7,37,,,,132.9,3556.8,17.34584398,17.34584398,
1971,Added fats and oils,Million pounds,Shortening,207.661,3515,,132.9,3647.9,31,,,,127.6,3489.3,16.80286621,16.80286621,
1972,Added fats and oils,Million pounds,Shortening,209.896,3731,,127.6,3858.6,33,,,,127.3,3698.3,17.61967832,17.61967832,
1973,Added fats and oils,Million pounds,Shortening,211.909,3636,,127.3,3763.3,35,,,,114.6,3613.7,17.05307467,17.05307467,
1974,Added fats and oils,Million pounds,Shortening,213.854,3703,,114.6,3817.6,61,,,,134.1,3622.5,16.93912669,16.93912669,
1975,Added fats and oils,Million pounds,Shortening,215.973,3687.3,,134.1,3821.4,43,10.856,,,124.7,3642.844,16.86712691,16.86712691,
1976,Added fats and oils,Million pounds,Shortening,218.035,3913.4,,124.7,4038.1,51,47.058,,,127.7,3812.342,17.48500011,17.48500011,
1977,Added fats and oils,Million pounds,Shortening,220.239,3841.1,,127.7,3968.8,46,184.907,,,113,3624.893,16.45890601,16.45890601,
1978,Added fats and oils,Million pounds,Shortening,222.585,4044.6,,113,4157.6,33.8,206.93,,,106.7,3810.17,17.11782016,17.11782016,
1979,Added fats and oils,Million pounds,Shortening,225.055,4206.4,,106.7,4313.1,24.7,177.76,,,131.9,3978.74,17.67896736,17.67896736,
1980,Added fats and oils,Million pounds,Shortening,227.726,4177.8,,131.9,4309.7,28.9,304.646,,,130.7,3845.454,16.88631952,16.88631952,
1981,Added fats and oils,Million pounds,Shortening,229.966,4290.5,,130.7,4421.2,38.2,429.184,,,120.1,3833.716,16.67079481,16.67079481,
1982,Added fats and oils,Million pounds,Shortening,232.188,4379.3,,120.1,4499.4,34.3,466.822,,,133.2,3865.078,16.6463297,16.6463297,
1983,Added fats and oils,Million pounds,Shortening,234.307,4362.8,,133.2,4496,21.9,499.372,,,131,3843.728,16.40466567,16.40466567,
1984,Added fats and oils,Million pounds,Shortening,236.348,5067.7,,131,5198.7,29.9,296.55,,,129.4,4742.85,20.06723137,20.06723137,
1985,Added fats and oils,Million pounds,Shortening,238.466,5505.1,,129.4,5634.5,29.9,205.514,,,126.9,5272.186,22.10875345,22.10875345,
1986,Added fats and oils,Million pounds,Shortening,240.651,5373.5,,126.9,5500.4,35.8,192.963,,,137,5134.637,21.33644572,21.33644572,
1987,Added fats and oils,Million pounds,Shortening,242.804,5237.2,,137,5374.2,30.7,143.212,,,138.9,5061.388,20.84557091,20.84557091,
1988,Added fats and oils,Million pounds,Shortening,245.021,5327.9,,138.9,5466.8,39.7,214.687,,,145.2,5067.213,20.68072941,20.68072941,
1989,Added fats and oils,Million pounds,Shortening,247.342,5314.9,,145.2,5460.1,19,256.221,,,119,5065.879,20.48127289,20.48127289,
1990,Added fats and oils,Million pounds,Shortening,250.132,5588.6,,119,5707.6,20.7,416.056,,,116.3,5154.544,20.60729535,20.60729535,
1991,Added fats and oils,Million pounds,Shortening,253.493,5724.2,,116.3,5840.5,31.1,539.402,,,147,5122.998,20.20962315,20.20962315,
1992,Added fats and oils,Million pounds,Shortening,256.894,5718.8,,147,5865.8,32.7,447.716,,,101.5,5283.884,20.56834336,20.56834336,
1993,Added fats and oils,Million pounds,Shortening,260.255,6524.1,,101.5,6625.6,36.6,234.658,,,93.6,6260.742,24.05618336,24.05618336,
1994,Added fats and oils,Million pounds,Shortening,263.436,6333.6,,93.6,6427.2,31.8,79.45,,,90.236,6225.714,23.63273812,23.63273812,
1995,Added fats and oils,Million pounds,Shortening,266.557,5974.6,,90.236,6064.836,32.8,18.628,,,105.824,5907.584,22.16255435,22.16255435,
1996,Added fats and oils,Million pounds,Shortening,269.667,5929.3,,105.824,6035.124,40.1,13.707,,,80.747,5900.57,21.88094947,21.88094947,
1997,Added fats and oils,Million pounds,Shortening,272.912,5656.1,,80.747,5736.847,39.3,20.788,,,91.304,5585.455,20.46613927,20.46613927,
1998,Added fats and oils,Million pounds,Shortening,276.115,5724,,91.304,5815.304,53.59,25.91,,,92.412,5643.392,20.4385564,20.4385564,
1999,Added fats and oils,Million pounds,Shortening,279.295,5944.742,,92.412,6037.154,64.97716151,25.082,,,86.132,5860.962838,20.98484698,20.98484698,
2000,Added fats and oils,Million pounds,Shortening,282.385,9043.387,,86.132,9129.519,68.63930762,24.115,,,128.5,8908.264692,31.54652227,31.54652227,
2001,Added fats and oils,Million pounds,Shortening,285.309019,9420,,128.5,9548.5,82.50940915,55.915,,,150.84,9259.235591,32.4533575,32.4533575,
2002,Added fats and oils,Million pounds,Shortening,288.104818,9685,,150.84,9835.84,89.16239617,157.82,,,139.9,9448.957604,32.79694408,32.79694408,
2003,Added fats and oils,Million pounds,Shortening,290.819634,9622.265,,139.9,9762.165,90.50016741,93.441,,,122.401,9455.822833,32.51438943,32.51438943,
2004,Added fats and oils,Million pounds,Shortening,293.463185,9671.115,,122.401,9793.516,90.3762919,44.87,,,126.952,9531.317708,32.47875098,32.47875098,
2005,Added fats and oils,Million pounds,Shortening,296.186216,8727.7,,126.952,8854.652,77.58941596,58.533,,,132.597,8585.932584,28.98829223,28.98829223,
2006,Added fats and oils,Million pounds,Shortening,298.995825,7543.967,,132.597,7676.564,89.57608467,7.9,,,152.7,7426.387915,24.83776459,24.83776459,
2007,Added fats and oils,Million pounds,Shortening,302.003917,6457.778,,152.7,6610.478,119.3329877,11.62354982,,,152.757,6326.764462,20.94927948,20.94927948,
2008,Added fats and oils,Million pounds,Shortening,304.797761,5638.952,,152.757,5791.709,142.8613024,15.20033076,,,145.396,5488.251367,18.00620631,18.00620631,
2009,Added fats and oils,Million pounds,Shortening,307.439406,5106.99336,,145.396,5252.38936,168.0008584,9.9623782,,,178.729,4895.697123,15.92410416,15.92410416,
2010,Added fats and oils,Million pounds,Shortening,309.76667,4882.32803,,178.729,5061.05703,171.3693312,9.307129239,,,133.906,4746.47457,15.32274137,15.32274137,
1970,Added fats and oils,Million pounds,Tallow,205.052,,,,,,,,,,,,,
1971,Added fats and oils,Million pounds,Tallow,207.661,,,,,,,,,,,,,
1972,Added fats and oils,Million pounds,Tallow,209.896,,,,,,,,,,,,,
1973,Added fats and oils,Million pounds,Tallow,211.909,,,,,,,,,,,,,
1974,Added fats and oils,Million pounds,Tallow,213.854,,,,,,,,,,,,,
1975,Added fats and oils,Million pounds,Tallow,215.973,,,,,,,,,,,,,
1976,Added fats and oils,Million pounds,Tallow,218.035,,,,,,,,,,,,,
1977,Added fats and oils,Million pounds,Tallow,220.239,,,,,,,,,,,,,
1978,Added fats and oils,Million pounds,Tallow,222.585,,,,,,,,,,,,,
1979,Added fats and oils,Million pounds,Tallow,225.055,905,,55,960,50,,42.3,723.4,57,87.3,0.387905179,0.387905179,
1980,Added fats and oils,Million pounds,Tallow,227.726,1042.7,,56.6,1099.3,88,,30.5,684.3,55.9,240.6,1.056532851,1.056532851,
1981,Added fats and oils,Million pounds,Tallow,229.966,1130.2,,55.9,1186.1,142,,32.2,734.4,53.9,223.6,0.972317647,0.972317647,
1982,Added fats and oils,Million pounds,Tallow,232.188,1110,,53.9,1163.9,74.889,,38.3,679.3,58.8,312.611,1.346370183,1.346370183,
1983,Added fats and oils,Million pounds,Tallow,234.307,1260.1,7.4,58.8,1326.3,103.795,,47.4,631.6,42.5,501.005,2.138241709,2.138241709,
1984,Added fats and oils,Million pounds,Tallow,236.348,1337.8,7.913,42.5,1388.213,53.187,,59.2,821.5,36.2,418.126,1.769111649,1.769111649,
1985,Added fats and oils,Million pounds,Tallow,238.466,1610.6,7.889,36.2,1654.689,74.557,,48.9,1015.1,40.5,475.632,1.994548489,1.994548489,
1986,Added fats and oils,Million pounds,Tallow,240.651,1523.4,4.828,40.5,1568.728,57.537,,61.9,973.1,32.8,443.391,1.842464814,1.842464814,
1987,Added fats and oils,Million pounds,Tallow,242.804,1257.9,4.945,32.8,1295.645,64.08,,71.1,890.1,39.6,230.765,0.950416797,0.950416797,
1988,Added fats and oils,Million pounds,Tallow,245.021,1296.3,2.345,39.6,1338.245,133.091,,106.4,840.4,48.3,210.054,0.857289783,0.857289783,
1989,Added fats and oils,Million pounds,Tallow,247.342,1156.8,0.264708964,48.3,1205.364709,201.794819,,145.4,751.8,38.4,67.96989001,0.274801247,0.274801247,
1990,Added fats and oils,Million pounds,Tallow,250.132,1206.747,6.234327095,38.4,1251.381327,251.5937158,,142.093,666.204,37.242,154.2486113,0.616668844,0.616668844,
1991,Added fats and oils,Million pounds,Tallow,253.493,1251.3,10.79425213,37.242,1299.336252,285.1677747,,148.5,460.1,38.7,366.8684774,1.447252892,1.447252892,
1992,Added fats and oils,Million pounds,Tallow,256.894,1526.7,5.506892,38.7,1570.906892,332.586599,,165.9,427.2,33.273,611.947293,2.382100372,2.382100372,
1993,Added fats and oils,Million pounds,Tallow,260.255,1425.2,11.819736,33.273,1470.292736,310.022752,,153.2,404.3,33.2,569.569984,2.188507364,2.188507364,
1994,Added fats and oils,Million pounds,Tallow,263.436,1557.2,16.05078,33.2,1606.45078,294.703711,,231.7,404.6,36.271,639.176069,2.426304943,2.426304943,
1995,Added fats and oils,Million pounds,Tallow,266.557,1536.257,18.049033,36.271,1590.577033,279.291468,,177.404,374,43.057,716.824565,2.689198051,2.689198051,
1996,Added fats and oils,Million pounds,Tallow,269.667,1519.6,5.326769,43.057,1567.983769,229.241284,,193.919,327.1,33.318,784.405485,2.908793011,2.908793011,
1997,Added fats and oils,Million pounds,Tallow,272.912,1416.223,5.759221443,33.318,1455.300221,184.8607785,,325.952,312.642,47.364,584.4814429,2.141648014,2.141648014,
1998,Added fats and oils,Million pounds,Tallow,276.115,1536.791,2.279387346,47.364,1586.434387,246.4747246,,173.2,259.3,39.121,868.3386628,3.144844223,3.144844223,
1999,Added fats and oils,Million pounds,Tallow,279.295,1729.26,6.799607608,39.121,1775.180608,317.0696532,,160.542,267.986,33.27,996.3129544,3.567242358,3.567242358,
2000,Added fats and oils,Million pounds,Tallow,282.385,1825,7.426434554,33.27,1865.696435,247.6410534,,166.453,289.808,36.7,1125.094381,3.984256887,3.984256887,
2001,Added fats and oils,Million pounds,Tallow,285.309019,1791.687,31.13301711,36.7,1859.520017,364.4510232,,271.258,314.861,40.26,868.6899939,3.044733731,3.044733731,
2002,Added fats and oils,Million pounds,Tallow,288.104818,1974.111,8.708801442,40.26,2023.079801,511.452566,,262.534,250.237,25.266,973.5902354,3.379291753,3.379291753,
2003,Added fats and oils,Million pounds,Tallow,290.819634,1965.708,4.685789579,25.266,1995.65979,419.7031121,,207.25,237.474,23.6,1107.632678,3.808658522,3.808658522,
2004,Added fats and oils,Million pounds,Tallow,293.463185,1817.691,0.966444555,23.6,1842.257445,255.3784896,,166.835,234.422,22.344,1163.277955,3.963965548,3.963965548,
2005,Added fats and oils,Million pounds,Tallow,296.186216,1812.5,1.04101369,22.344,1835.885014,293.4519345,,178.575,223.372,24.712,1115.774079,3.767137088,3.767137088,
2006,Added fats and oils,Million pounds,Tallow,298.995825,1861.3,6.519677934,24.712,1892.531678,274.9026066,,200.992,221.585,34.6,1160.452071,3.8811648,3.8811648,
2007,Added fats and oils,Million pounds,Tallow,302.003917,1788.939,7.465641551,34.6,1831.004642,388.1906464,,320.342,194.143,38.882,889.4469951,2.945150526,2.945150526,
2008,Added fats and oils,Million pounds,Tallow,304.797761,1793.8,30.28471384,38.882,1862.966714,185.3058932,,589.6,161.7,30.1,896.2608206,2.940509857,2.940509857,
2009,Added fats and oils,Million pounds,Tallow,307.439406,1837.3,35.88893351,30.1,1903.288934,161.8152402,,1237.8,261.4,30.7,211.5736933,0.68818014,0.68818014,
2010,Added fats and oils,Million pounds,Tallow,309.76667,1859.34608,23.25883044,30.7,1913.30491,182.7482407,,514.07536,161.38468,37.602,1017.49463,3.28471307,3.28471307,
